EnhancementId,Priority,Area,Goal,PrimaryObjects,CostClass,ImplementationStatus,AcceptanceSummary
DIAG-001,P1,Server version and servicing,"Server version, build, CU, GDR, KB, lifecycle and offline documentation links",USP_ServerVersionInformation|SqlServerBuildCatalog|SqlServerLifecycleCatalog,LOW,IMPLEMENTED_ACTIONS_GATE,"Exact and unknown builds, branches, stale catalog and lifecycle tested on SQL Server 2019 2022 2025"
DIAG-002,P1,Typed structured output,"Preserve XML as native xml for plans deadlocks and Extended Events with explicit fallback status",PlanDetails|QueryStore modules|ExtendedEvents modules,LOW_TO_HIGH,IMPLEMENTED_ACTIONS_GATE,"RAW and TABLE preserve xml; invalid large deep and text-only payloads remain distinguishable"
DIAG-003,P1,Parameter evidence,"Expose compiled and available runtime parameter evidence with source time completeness and status",ShowplanAnalysis|PlanDetails|CurrentRequests,MEDIUM_TO_HIGH,IMPLEMENTED_ACTIONS_GATE,"Compiled runtime unavailable SQL null plan eviction request completion and local-variable-not-exposed cases are distinct in RAW JSON and named TABLE output on SQL Server 2019 2022 2025"
DIAG-004,P2,Statement and request context,"Consolidate statement batch input request session connection transaction wait memory and execution context",CurrentRequests|CurrentSessions|CurrentOverview,LOW_TO_MEDIUM,IMPLEMENTED_ACTIONS_GATE,"One materialized read per source with explicit capture time truncation partiality permission and omission status; canonical contracts are release-gated on SQL Server 2019 2022 and 2025"
DIAG-005,P2,Plan and optimizer context,"Add high-value plan warnings operator runtime feedback PSP OPPO Query Store and cache context",ShowplanAnalysis|PlanDetails|PlanCacheAnalysis|QueryStoreAnalysis,MEDIUM_TO_HIGH,IMPLEMENTED_ACTIONS_GATE,"Targeted bounded reusable paths with false-positive guards no query-text read and no automatic tuning or tracing"
PLAN-001,P1,Standalone execution plan analysis,"Add statement-safe version-adaptive plan analysis with evidence JSON targeted metadata workload profiles and privacy-safe histogram mapping",USP_ExecutionPlanAnalysis|USP_CreateExecutionEvidenceJson|USP_ShowplanAnalysis,MEDIUM_TO_HIGH,IMPLEMENTED_ACTIONS_GATE,"Dedicated minimal installer plus Install_All integration; SQL Server 2019 2022 2025 release gates permission matrices and output matrix passed; isolated SQL Server 2025 installer passed; DERIVED_ONLY histogram default; no automatic query execution or tuning"
DIAG-006,P1,Evidence provenance,"Make source time scope freshness aggregation inference and evidence limits explicit",Framework-wide,LOW,IMPLEMENTED_ACTIONS_GATE,"Null never conflates absent uncollected denied unsupported evicted oversized too-deep or invalid evidence"
DIAG-007,P1,Output inventory and tests,"Integrate named result sets schemas TABLE validation and three-version runtime tests",ResultSets inventory|Release gate,MEDIUM,IMPLEMENTED_ACTIONS_GATE,"SQL Server 2019 2022 2025 plus documentation privacy nonblocking and commit gates pass"
OUT-001,P1,Lossless bounded output,"Make every configured string truncation visible measurable and removable without an artificial MAX payload ceiling",Framework-wide output|USP_ExtendedEventsTargetRuntime|ResultSets inventory,LOW_TO_HIGH,IMPLEMENTED_ACTIONS_GATE,"Positive limits truncate projection only; zero is unlimited; per-row length bytes and truncation flag plus one warning with parameter and largest required length; Unicode-safe SQL Server 2019 2022 2025 tests"
OPS-001,P1,Database configuration and drift,"Analyze database options scoped overrides Query Store settings and local cross-database drift",USP_DatabaseConfigurationAnalysis|sys.databases|sys.database_scoped_configurations|sys.database_query_store_options,MEDIUM,IMPLEMENTED_ACTIONS_GATE,"SQL Server 2019 2022 2025 empty denied heterogeneous and explicit-profile cases; drift remains a finding rather than an automatic error"
OPS-002,P1,Worker and scheduler pressure,"Correlate worker availability scheduler queues THREADPOOL blocking and bounded sample deltas",USP_WorkerPressureAnalysis|USP_ServerNuma|USP_ServerHealthAnalysis|sys.dm_os_schedulers|sys.dm_os_workers,LOW_TO_MEDIUM,IMPLEMENTED_ACTIONS_GATE,"Snapshot sample reset denied and controlled queue cases; never recommend max worker threads from one indicator"
OPS-003,P1,Pending IO,"Add a named pendingIo result set with duration layer file scheduler request and wait correlation",USP_CurrentIO|sys.dm_io_pending_io_requests|sys.dm_io_virtual_file_stats,LOW_TO_MEDIUM,IMPLEMENTED_ACTIONS_GATE,"Empty short repeated denied and bounded-detail cases; one pending request is not classified as storage failure"
OPS-004,P1,Error log analysis,"Read bounded SQL Server and optional Agent error logs into categories counts time range and partial source status",USP_ErrorLogAnalysis|sys.sp_readerrorlog|SQL Server error log|SQL Server Agent error log,LOW_TO_MEDIUM,IMPLEMENTED_ACTIONS_GATE,"Archive time keyword permission large-log and text-opt-in cases; no log rotation and no default full message output"
SQL25-001,P2,Vector index runtime,"Analyze supported vector index state performance and maintenance evidence beyond capability inventory",USP_VectorIndexAnalysis|USP_ObjectAnalysis|sys.vector_indexes|sys.dm_db_vector_indexes,MEDIUM,IMPLEMENTED_ACTIONS_GATE,"No-feature active maintenance empty denied bounded cross-database named TABLE and orchestrator cases pass with feature detection before reference on SQL Server 2019 2022 and 2025"
SQL25-002,P2,JSON index inventory,"Add supported JSON indexes and paths to existing object and index inventories",USP_ObjectInventory|USP_ObjectAnalysis|USP_ServerFeatureCapabilities|sys.json_indexes|sys.json_index_paths,LOW,IMPLEMENTED_ACTIONS_GATE,"No-feature empty visible restricted-metadata bounded TABLE JSON capability-inventory and orchestrator cases pass; inventory does not imply health and no dedicated procedure was added"
SQL25-003,P2,TempDB resource governance,"Expose workload-group TempDB limits current and peak use and limit violation counts",USP_ResourceGovernorAnalysis|USP_CurrentTempDB|USP_CurrentOverview|sys.resource_governor_workload_groups|sys.dm_resource_governor_workload_groups|master.sys.master_files,LOW_TO_MEDIUM,IMPLEMENTED_ACTIONS_GATE,"2019 2022 unavailable-version plus 2025 no-limit fixed-percent precedence ineffective-percent current peak violation reset restricted-metadata named-TABLE JSON parent-routing and LOCK_TIMEOUT cases; limits use and violations remain distinct"
SQL25-004,P2,Readable secondary statistics,"Preserve replica role and source metadata for statistics created or maintained on readable secondaries",USP_Statistics|sys.stats,LOW_TO_MEDIUM,IMPLEMENTED_ACTIONS_GATE,"2019 2022 unavailable-version; 2025 real catalog plus primary or not-recorded origin; synthetic secondary and partial-role mapping; restricted metadata empty scope bounded TABLE JSON and LOCK_TIMEOUT cases"
SQL25-005,P2,Secondary replica Query Store,"Make Query Store analyses replica-aware instead of detecting sys.query_store_replicas only as a capability",USP_QueryStoreReplicaAnalysis|USP_QueryStoreAnalysis|sys.query_store_replicas|sys.query_store_runtime_stats|sys.query_store_wait_stats|sys.query_store_plan_forcing_locations,MEDIUM,IMPLEMENTED_ACTIONS_GATE,"2019 2022 unavailable-version; 2025 primary secondary named missing-metadata empty disabled unsupported denied partial JSON TABLE orchestrator and lock-timeout cases"
OPS-005,P2,Linked servers,"Inventory visible linked-server configuration providers and waits with optional bounded connectivity test",USP_LinkedServerAnalysis|sys.servers|sp_testlinkedserver,LOW_TO_HIGH,PARTIAL_PRODUCT_FUNCTION,"Local inventory double opt-in synthetic timeout and denied-permission evidence passes on native 2019 2022 and 2025; controlled MSOLEDBSQL connection success passes between fresh SQL2025 Docker containers; provider variance remains; default performs no remote access"
OPS-006,P2,Database portability,"Expose persisted edition features and uncontained dependencies for restore edition change and migration",USP_DatabasePortabilityAnalysis|sys.dm_db_persisted_sku_features|sys.dm_db_uncontained_entities,LOW_TO_MEDIUM,PARTIAL_PRODUCT_FUNCTION,"Portable uncontained missing restricted and controlled persisted-SKU-feature paths pass; unsupported-source evidence remains; no automatic DDL"
OPS-007,P3,Cursor diagnostics,"Add bounded opt-in current cursor resource and dormancy evidence to session analysis",USP_CurrentCursorAnalysis|sys.dm_exec_cursors,MEDIUM_OPT_IN,PARTIAL_PRODUCT_FUNCTION,"Default exact-session active controlled dormant invalid-selection bound owned resource-positive second-session and explicit denied paths pass; foreign high-cost evidence remains"
OPS-008,P2,msdb health and retention,Analyze size growth and retention of backup restore job mail and maintenance histories,USP_MsdbHealthAnalysis|msdb system tables,LOW_TO_MEDIUM,PARTIAL_PRODUCT_FUNCTION,Native SQL2025 adds Mail view recognition five empty sources backup and restore windows file growth and injected Agent Mail and Maintenance aggregate parity with unchanged source values; nonempty Mail and Maintenance counts and MIN MAX preserve caller state; output limits and consumer parity corrected; actual Agent Mail or Maintenance execution retention and missing-source evidence remain; analyzer executes no cleanup
OPS-009,P3,System database user objects,"Inventory visible user objects in master model and msdb as maintenance and portability evidence",USP_SystemDatabaseObjectInventory|system catalogs,LOW,PARTIAL_PRODUCT_FUNCTION,"Three-database synthetic exact bound restricted selective master-only and explicit-empty paths pass on native 2025; native 2022 release evidence remains"
COLL-001,P1,Collation portability,Harden explicit boundaries between server tempdb framework databases cross-database catalogs parsers and TABLE targets,Framework-wide|InternalWriteResultTable|temporary tables,LOW_TO_MEDIUM,PARTIAL_PRODUCT_FUNCTION,OPS CurrentOverview and TABLE-target slices pass the baseline-collation native 2019 2022 2025 matrix; IndexOperationalStats and Partitions mixed tempdb TABLE exports and native source parity pass on 2025; 13 additional ObjectIndex TABLE export schemas and the default object orchestrator pass on 2025 with mixed server tempdb framework and source database collations; PerformanceCounters snapshot and one-second sample TABLE JSON and exact-filter contracts pass with mixed tempdb on 2025; BufferPool memory export default and optional distribution contracts pass with mixed tempdb on 2025; InternalContention cumulative and sampled latch TABLE JSON contracts pass with mixed tempdb on 2025; ServerSecurityConfiguration TABLE JSON and native configuration contracts pass with mixed tempdb on 2025; ServerHealth orchestrator module status and selected child JSON contracts pass with mixed tempdb on 2025; WorkerPressure seven TABLE exports TABLE JSON parity and controlled request limit contract pass with mixed tempdb on 2025; AuditConfiguration five TABLE exports native specification parity and uniform TABLE JSON filter limit contracts pass with mixed tempdb on 2025; DatabaseIntegrity TABLE JSON parity native metadata uniform integrity limits and optional LIMITED page header contract pass with mixed tempdb on 2025; DatabaseCapacity nine TABLE text columns native file metadata on an own read-only source and uniform TABLE JSON problem filter limit contracts pass with mixed tempdb on 2025; CriticalEngineEvents five TABLE text columns native XE event parity and existing limit XML opt-in contracts pass with mixed tempdb on 2025; DiagnosticFindings ten TABLE text columns controlled parent mapping partial reuse and uniform severity filter limit contracts with preserved counters pass with mixed tempdb on 2025; DatabaseConfiguration six TABLE exports native options scoped configuration profile mapping complete dynamic catalog batch and uniform settings drift limit contracts pass with mixed tempdb on 2025; ErrorLog five TABLE exports native Unicode log parity uniform detail limit and partial source limit contracts pass with mixed tempdb on 2025; BackupChain five TABLE text columns native full differential metadata positive checksum counter and uniform summary backup limits pass with mixed tempdb on 2025; AgentStatus and Infrastructure six TABLE text columns native job inventory four module selections and child JSON contracts pass with mixed tempdb on 2025; ResourceGovernor five TABLE exports sixteen text columns native configuration pool group inventory no-limit TempDB governance and existing output limits pass with mixed tempdb on 2025; BackupRecovery four TABLE text columns native full differential copy-only metadata and uniform freshness limits pass with mixed tempdb on 2025; DataCapture five TABLE text columns native CT metadata parameterized CDC batch uniform database limits and preserved selection warnings pass with mixed tempdb on 2025; AgentMonitoring seven TABLE text columns native job alert-coverage and service metadata uniform findings limits and optional job mail paths pass with mixed tempdb on 2025; XETargetRuntime eight TABLE text columns native own ringbuffer metadata counter intervals TABLE JSON parity optional payload truncation and gate paths pass with mixed tempdb on 2025; XEReader three TABLE text columns native own ringbuffer and event-file core parity time filters limits XML contracts and gate paths pass with mixed tempdb on 2025; XESessions six TABLE text columns native own running stopped configuration and detail inventories dynamic memory JOIN TABLE JSON parity and runtime opt-out paths pass with mixed tempdb on 2025; SnapshotBaseline twelve TABLE text columns native persisted row JSON parity case-distinct Unicode metric scope payload persistence and retention budget contracts pass with mixed server tempdb framework and target collations on 2025; ServerFeatureCapabilities seven TABLE text columns eight-field JSON parity native capability identities and database scope uniform capability limits and preserved selection warnings pass with mixed collations on SQL Server 2025 compatibility levels 150 160 170; ServerVersionInformation seven TABLE exports sixty-four text columns complete JSON representation parity native instance feature and own database metadata requested-order database limits and preserved warnings pass with mixed collations on SQL Server 2025 compatibility levels 150 160 170; SpecialFeatureInventory nine TABLE text columns complete ten-field JSON representation parity shared detected-feature filter and output limit preserved complete inventory counters Unicode case-distinct database scope and synthetic XML spatial alias-type catalogue markers pass with mixed collations on SQL Server 2025 compatibility levels 150 160 170; InMemoryOltpAnalysis eleven TABLE text columns fourteen-field JSON parity native own XTP table hash identities uniform findings filter limit preserved complete counters and missing-selection status pass with mixed collations on SQL Server 2025 compatibility levels 150 160 170; TemporalAnalysis twelve TABLE text columns fifteen-field JSON parity native own Temporal pair period retention and leading-index metadata four distinct source codes independent finding identities uniform findings filter limit preserved complete counters and missing-selection status pass with mixed collations on SQL Server 2025 compatibility levels 150 160 170; ServiceBrokerAnalysis sixty-four collated local text columns ten TABLE text columns thirteen-field JSON parity native own empty queue switches and service metadata seven distinct source codes independent finding identities uniform findings filter limit preserved complete counters and missing-selection status pass with mixed collations on SQL Server 2025 explicit framework and source compatibility levels 150 160 170; FullTextAnalysis ten TABLE text columns native own empty catalog scope eight distinct source statuses accepted NULL zero positive limits rejected invalid parameters and preserved selection warnings pass with mixed collations on SQL Server 2025 explicit framework and source compatibility levels 150 160 170; positive FullText nonempty findings filter limit effects and gated source runtime evidence remain unverified; DataCaptureDeepAnalysis seventy-seven collated local text columns ten TABLE text columns thirteen-field TABLE JSON parity native own empty CT table identities versions and tracked-column flags eleven independent source statuses controlled future-client WARN and cleanup INFO findings eighteen TABLE JSON cases positive case-sensitive Unicode filters NULL zero and positive limits preserved complete counters selection warnings and invalid multi-database consumer status on SQL Server 2025 explicit framework and both source compatibility levels 150 160 170 pass with mixed collations; RAW CONSOLE calls verify only status and JSON counts; CT retention-loss positive CDC replication and additional permission evidence remain unverified; evidence COLLB006; EncryptionAnalysis thirty-three collated local text columns eleven TABLE text columns shared twenty-six-field export native own unencrypted database identities and absent DEK full-backup AE and Ledger scope twenty-two TABLE JSON cases controlled missing-backup MEDIUM indicators positive Unicode case selection NULL zero positive limits safe rejected negative limits and preserved selection warnings with independent successful sources on SQL Server 2025 explicit framework and all three source compatibility levels 150 160 170 pass with mixed collations; four RAW CONSOLE calls verify only status and JSON counts; Integration185 comprises four synthetic states two actual calls one AE definition contract and a separate privacy check; positive TDE certificate encrypted-backup AE Ledger and restore evidence remains unverified; evidence COLLB006; MaintenanceOperations fifty-seven explicitly collated local text columns four shared fifteen nineteen nine and seven-field exports fifteen-field empty Resumable TABLE schema with eight text collations and four independently expected source codes including jobs NOT_REQUESTED; Common161 passes twenty-four TABLE JSON cases on mixed SQL Server 2025 with separately verified framework and all three source compatibility levels 170; own Unicode databases without user data include one ADR OFF and two ADR ON; native PVS comparison verifies eight fields exactly and the size numerically within independently measured before-after bounds; threshold zero produces controlled MEDIUM findings with NULL zero positive limits Unicode case selection preserved selection partiality and full-scope status before output limits; six RAW CONSOLE calls verify only status and accompanying JSON counts; RAW selection-warning rows are not separately captured; Integration186 contains three synthetic definition cases one actual denied call and read-only checks; positive Maintenance Resumable TABLE filter-limit effects requests jobs and high-load evidence remain unverified; this Maintenance slice has no new native older-engine or compatibility-level 150 160 evidence; evidence COLLB006; AvailabilityDeepAnalysis forty-six explicitly collated local text columns shared eleven-field replicas export with ten text collations; Common162 passes ten TABLE JSON cases four RAW CONSOLE status calls and two additional JSON consumer cases on mixed SQL Server 2025 with native disabled HADR and framework compatibility level 170 without source database fixtures; independent empty TABLE schema eight top-level JSON keys eight metadata properties and seven empty arrays are verified; NULL zero and positive limits are accepted in empty scopes and invalid limit queue lag and output parameters safely retain consumer status; Integration176 contains one actual AG-NONE call and three synthetic interpretation function cases; RAW CONSOLE rows are not separately captured and empty scopes do not prove positive limit effects; positive AvailabilityDeep AG replica limit queue cluster seeding page-repair network and denied evidence remains unverified; this AvailabilityDeep slice has no native older-engine or compatibility-level 150 160 evidence; evidence COLLB006; ExternalRuntimeAnalysis ninety-six explicitly collated local text columns shared thirteen-field findings export with ten text collations and preserved FindingOrdinal; Common163 passes twenty-two TABLE JSON cases and four RAW CONSOLE status and accompanying JSON-count calls on mixed SQL Server 2025 with separately verified framework and both case-distinct Unicode CI_AS source compatibility levels 150 160 170; existing native R and Python standard registrations with scripts disabled provide registration WARN and startability INFO findings without new registration or external execution; full TABLE JSON parity retains NULL-property omission; positive problem filters and NULL zero positive limits safe negative rejection exact case selection retained missing-selection partiality and complete database counters pass; six global source codes and two catalog source codes per database are independently compared with native configuration services catalog identities pool configuration and counter identities types and source counts; Integration198 passes at the same framework levels for existing External Runtime and CLR read-only JSON TABLE routing capability and lock-timeout contracts; positive ExternalRuntime activated-feature launchability library request sampling and additional permission or optional-path evidence remains open; RAW CONSOLE rows are not separately captured; variable cumulative values are not claimed as atomic native point parity; no new native older-engine evidence; evidence COLLB006; ClrAnalysis one hundred six explicitly collated local text columns and a shared nonidentity thirteen-field findings export with ten text collations and preserved original ordinals; Common164 passes twenty-four TABLE JSON cases and four RAW CONSOLE status and accompanying empty findings-count calls on mixed SQL Server 2025 with separately confirmed framework and both case-distinct Unicode CI_AS source compatibility levels 150 160 170; independent empty findings schema and parity NULL zero positive-limit and exact LIKE assembly-filter acceptance safe invalid parameters exact database case selection and late retained selection partiality pass without assembly registration CLR execution or configuration and Trust changes; native configuration and state version properties memory-clerk identities and counts and counter identities types counts and independently expected Sample-0 interpretation are checked against eight global source codes and three catalog source codes per selected database or one with module mapping disabled; Integration198 passes at the same framework levels for existing read-only JSON TABLE routing capability and lock-timeout contracts; positive CLR assembly and nonempty findings filter-limit evidence execution Trust sampling and additional permission paths remain open; RAW CONSOLE rows are not separately captured; variable memory and counter values are not claimed as atomic native point parity; this CLR slice provides no new native older-engine evidence; RUNTIME-001 remains IMPLEMENTED_EXTERNAL_EVIDENCE_PENDING; evidence COLLB006; PlanCacheAnalysis QueryStoreAnalysis and ExtendedEventsAnalysis each have six explicitly collated local text columns and an early shared five-field moduleStatus export with three text collations; native mixed SQL Server 2025 framework compatibility level 170 repairs the existing CONSOLE missing-source error while the original TABLE text collations were already correct; Common165 passes twenty-four TABLE and JSON contract cases twelve positive SQL-captured CONSOLE cases nine empty SQL-captured CONSOLE cases and three direct CONSOLE calls; independent SqlClient capture passes all fifteen positive six-field and nine empty three-field CONSOLE cases with native field names types text sizes original ordinals module names invocation status and error values; Plan Cache modules JSON parity and unchanged Query Store and XE child objects metadata and warnings are verified; moduleStatus remains complete and unlimited independently of NULL zero and positive child limits; three RAW invalid-scope calls and twelve TABLE-mapping preflight rejections pass; five existing empty three-field RequestedName warning probes remain visible in the three direct child paths; positive RAW module-row parity Plan XML events ERROR_HANDLED and permission paths remain unproven for this orchestrator slice; this slice provides no new compatibility-level 150 160 or native older-engine evidence; evidence COLLB006; FrameworkUsageFromQueryStore now has fifteen additionally explicit local text collations and fourteen explicitly collated text fields across four unchanged TABLE schemas totaling thirty-nine fields; valid TABLE mappings are prepared before semantic parameter validation so invalid parameters project full schemas and INVALID_PARAMETER status. Common166 passes nineteen TABLE cases and three consumer cases with full TABLE JSON OUTPUT parity including thirteen metadata properties and NULL values plus four mapping preflight rejections on mixed SQL Server 2025 at framework compatibility levels 150 160 170. Eight conditional native oracle cases pass against two own case-distinct Unicode monitor probes in READ_ONLY Query Store with independent eleven-field weighted runtime aggregation minimum filters NULL zero positive limits and the preserved plus-one HasMoreRows sentinel. Three positive twelve-field and three empty three-field SQL CONSOLE captures pass; positive rows are compared as unordered sets. The existing Test120 probe preexistence guard rejects with 51000 while preserving the foreign probe object identity and body. Canonical source installation and smoke pass; QueryStore120 Integration189 Integration196 Integration198 and Common124 impact tests pass at framework compatibility levels 150 160 170 after own fixture cleanup and restoration of Query Store READ_WRITE AUTO; evidence COLLB006; Positive RAW row parity DENIED_PERMISSION and ERROR_HANDLED paths and new native older-engine evidence remain unproven for this Framework Usage slice; full static gates are not claimed by this focused evidence; AgentJobs adds eleven explicit local Jobs and Steps text collations while preserving the seventeen-field jobs TABLE schema and six export text fields. Valid exact-list names are narrowly deduplicated under framework collation with MIN ItemOrdinal; case-distinct names remain separate and invalid list elements retain INVALID_PARAMETER. Common167 passes eleven core TABLE JSON cases two consumers six preflight rejections thirteen conditional full native seventeen-field Jobs and ten-field Steps comparisons and three positive eighteen-field plus three empty three-field SQL CONSOLE captures on mixed SQL Server 2025 with separately confirmed framework and msdb compatibility level 170. Two own case-distinct Unicode jobs with steps category and an enabled future schedule supply independent definition metadata without job execution activity history or jobserver rows. NULL zero positive limits exact case LIKE duplicate and differently quoted duplicate lists and problem scope pass against the positive fixture; invalid lists including a duplicate plus an invalid element are checked separately in general empty scopes; the disabled job retains native StepCount while its problem-filtered Steps array is empty without history outcomes. An independent SqlClient passes ten direct RAW calls with all three six seventeen and ten-field native schemas and full JSON row parity; eight calls have nonempty Jobs seven have nonempty Steps and two are empty. Canonical installation and smoke pass; evidence COLLB006; Running jobs positive history outcomes and messages regex permission paths native older engines and compatibility levels 150 160 remain unproven for this AgentJobs slice; Infrastructure110 Integration189 Integration196 Integration198 and Common124 impact tests pass at framework compatibility level 170 after own fixture cleanup; Infrastructure110 checks help and signatures without additional positive AgentJobs evidence; full static gates are not claimed by this focused evidence; CheckFrameworkCapabilities adds fourteen explicit Features-table text collations and a shared filtered twenty-seven-field export with fifteen text fields; those TABLE collations were already correct before this slice. RAW CONSOLE TABLE and JSON now share the same filter: filter zero retains all capabilities while filters one and NULL retain only IsUsable zero; full-scope summary overall status selection warnings and probe counts remain unchanged. Common168 passes eleven general TABLE JSON cases two consumers six preflight rejections eleven conditional full native comparisons three empty SQL CONSOLE captures and three direct CONSOLE calls on mixed SQL Server 2025 with separately confirmed framework and both case-distinct Unicode apostrophe source compatibility levels 170. The own Query Store ON OFF fixture is read without mutation; native state wait-capture and permission metadata independently determine all twenty-seven capability fields including NULL values rather than treating every OFF feature as disabled. An independent SqlClient passes nine RAW and nine CONSOLE calls with native field names types text sizes nullability full capability JSON parity preserved six-field RAW metadata four-field summary three-field warnings and separately observed empty probe grids; six CONSOLE cases have twenty-eight fields and three empty cases have three fields. Canonical installation and smoke pass; Common121 Integration189 Integration196 and Integration198 impact tests pass at framework compatibility level 170 after guarded cleanup of both own databases; evidence COLLB006; Restricted-permission group-denial error and sampled-usage evidence native older engines and compatibility levels 150 160 remain unproven for this CheckFrameworkCapabilities slice; full static gates are not claimed by this focused evidence; TVF_ParseBlockingResource TVF_ParseStatisticsIoText and TVF_ParseStatisticsTimeText add seventeen explicit return and internal worktable text collations without parsing or public schema changes. The inherited fourteen return text collations were already correct in the native baseline across thirty-eight fields with twelve eighteen and eight-field schemas. Common169 passes fifty-three full synthetic literal calls comprising thirty-one Blocking eleven IO and eleven TIME calls with fifty-one independently expected complete rows and thirty-eight-field fourteen-text metadata on mixed SQL Server 2025 framework compatibility level 170. An independent SqlClient passes forty-five calls against the original baseline with full native and JSON parity including NULL values across forty-two rows and six empty IO or TIME calls. CurrentState110 and CurrentState133 plus PlanCache120 and PlanCache128 and standalone installer contracts 192 and 193 pass; native consumer and standalone execution use framework compatibility level 170. Canonical OPS-005 and PLAN-001 adapters are synchronized while PLAN-001 retains only the IO and TIME parsers; evidence COLLB006; This parser slice verifies synthetic input parsing only; actual blocking resource resolution and native STATISTICS workload capture plus native older engines and compatibility levels 150 160 remain unproven; full static gates are not claimed by this focused evidence; remaining framework files and consumer variants remain
ANALYZE-LAB-001,P2,Analyze example integration,"Provide reusable synthetic Interactive and Verify examples plus a Project Adapter vertical slice over the public SQL_Server_Lab lifecycle",TestLab|SQL_Server_Lab public functions,LOW_TO_MEDIUM,IMPLEMENTED_ACTIONS_GATE,"Defined seven-example scope and EXECUTION-PLAN-001 adapter slice are selectable documented and runtime-gated with scoped cleanup; the adapter quick run passed Docker and Podman on SQL Server 2025; additional native versions remain impact-based evidence"
WI-0002,P2,TempDB ADR and PVS,"Distinguish traditional TempDB version store from SQL Server 2025 TempDB persistent version store with explicit size cleanup reset and source evidence",USP_CurrentTempDB|sys.dm_db_file_space_usage|sys.dm_tran_persistent_version_store_stats,LOW_TO_MEDIUM,RESEARCHED_NOT_IMPLEMENTED,"Analysis specification implementation inventory documentation and native 2019 2022 2025 fallback or positive evidence remain; no automatic ADR recommendation"
WI-0003,P2,Backup compression algorithms,"Separate configured backup compression default from the algorithm recorded for individual backups including SQL Server 2025 ZSTD",USP_BackupRecovery|USP_BackupChainAnalysis|USP_ServerConfiguration|msdb.dbo.backupset,LOW,RESEARCHED_NOT_IMPLEMENTED,"Analysis specification implementation named output contracts and native version evidence remain; compression algorithm does not prove restoreability or acceptable CPU cost"
WI-0004,P2,Ordered columnstore diagnostics,"Inventory ordered clustered and nonclustered columnstore indexes and optionally evaluate bounded segment overlap",USP_Columnstore|sys.index_columns|sys.column_store_segments,MEDIUM_OPT_IN,RESEARCHED_NOT_IMPLEMENTED,"Analysis specification implementation version-adaptive schemas bounded deep path and native version evidence remain; partial order is not automatically defective"
WI-0005,P2,Time-bound Extended Events,"Expose SQL Server 2025 Extended Events MAX_DURATION with catalog and runtime state without changing a session",USP_ExtendedEventsSessions|sys.server_event_sessions|sys.dm_xe_sessions,LOW,RESEARCHED_NOT_IMPLEMENTED,"Analysis specification implementation named output contract and native 2019 2022 2025 evidence remain; unlimited duration is contextual"
WI-0006,P2,Optimized sp_executesql,"Correlate OPTIMIZED_SP_EXECUTESQL capability and configuration with bounded compile evidence",USP_DatabaseConfigurationAnalysis|USP_PlanCacheHealth|USP_PerformanceCounters,MEDIUM_OPT_IN,RESEARCHED_NOT_IMPLEMENTED,"Analysis must first prove an adequate compile evidence path before API specification and implementation; configuration state alone produces no finding"
WI-0007,P2,External model inventory,"Add aggregate version-adaptive External Model detection to the special feature inventory",USP_SpecialFeatureInventory|sys.external_models,LOW,RESEARCHED_NOT_IMPLEMENTED,"Analysis specification implementation inventory documentation and native fallback or positive evidence remain; location parameters model names and credentials stay excluded"
WI-0008,P1,SQL Audit configuration,"Analyze visible server and database Audit configuration specification coverage and runtime state without reading Audit payloads",USP_AuditConfigurationAnalysis|sys.server_audits|sys.server_audit_specifications|sys.database_audit_specifications|sys.dm_server_audit_status,LOW,IMPLEMENTED_ACTIONS_GATE,"Read-only implementation and public contract exist; controlled absent-audit denied-metadata disabled-audit and active-runtime evidence passes; no Audit object is changed"
WI-0009,P2,External data objects,"Analyze local catalogs for external data sources file formats tables and models without default remote access",USP_ExternalDataAnalysis|sys.external_data_sources|sys.external_file_formats|sys.external_tables|sys.external_models,LOW_TO_MEDIUM,RESEARCHED_NOT_IMPLEMENTED,"Analysis must decide detail and privacy boundaries before public API specification; implementation excludes secrets payloads and default connectivity tests"
WI-0010,P1,Diagnostic coverage intake,"Maintain a source-backed landscape of implemented partial planned external and excluded SQL Server diagnostic areas and promote selected gaps only through separate dossiers",Diagnostic_Coverage_Landscape|Long_Term_Development_Roadmap,LOW,RESEARCHED_NOT_IMPLEMENTED,"The 106-area landscape is recorded and validated; candidate prioritization and separate registry allocation remain before any public implementation"
WI-0011,P1,Lossless complete deployment,"Generate the selected current canonical object closure and preserve existing data through explicit supported migrations",Install_All|Install_SnapshotBaseline_Framework|Install_SnapshotBaseline_Target,MEDIUM,IMPLEMENTED_ACTIONS_GATE,"Implemented and locally verified under EXP-0001; exact-head CI remains the delivery gate and unknown migration shapes remain fail-closed"
