WorkItemId,ProductStatus,DeliveredScope,OpenScope,EvidenceReference
DIAG-003,IMPLEMENTED_ACTIONS_GATE,Canonical source-time-status parameter evidence for single-plan and multi-plan analysis with preserved legacy output and three-version semantic tests,,AI_Metadata/Internal_Documentation/Architecture/Diagnostic_Information_Enrichment_Backlog.md
DIAG-004,IMPLEMENTED_ACTIONS_GATE,Canonical snapshotStatus requestContext statements batches and inputBuffers contracts plus one invocation-local evidence snapshot consumed by Sessions Requests Blocking Waits Transactions Memory Grants TempDB and IO,,AI_Metadata/Internal_Documentation/Architecture/Diagnostic_Information_Enrichment_Backlog.md
DIAG-005,IMPLEMENTED_ACTIONS_GATE,Canonical plan warnings optimizer and cache context runtime feedback targeted Query Store context and feedback or variant result sets with provenance privacy and false-positive boundaries,,AI_Metadata/Internal_Documentation/Architecture/Diagnostic_Information_Enrichment_Backlog.md
SQL25-001,IMPLEMENTED_ACTIONS_GATE,Capability-adaptive Vector-index catalog and real-time background-maintenance evidence with explicit availability permission truncation provenance and false-positive boundaries,,Documentation/Architecture/SQL_Server_2025_Vector_Index_Analysis.md
SQL25-002,IMPLEMENTED_ACTIONS_GATE,Capability-adaptive JSON-index and SQL/JSON-path metadata integrated into the existing object and capability inventories without reading JSON document values or adding a dedicated procedure,,Documentation/Architecture/SQL_Server_2025_JSON_Index_Inventory.md
SQL25-003,IMPLEMENTED_ACTIONS_GATE,Capability-adaptive TempDB Resource Governance with stored and effective workload-group limits current and peak use violation and reset evidence plus explicit version permission and file-configuration boundaries,,Documentation/Architecture/SQL_Server_2025_TempDB_Resource_Governance.md
SQL25-004,IMPLEMENTED_ACTIONS_GATE,Capability-adaptive statistics origin and current database replica-role evidence with explicit temporary primary secondary geo not-recorded partial version and metadata-visibility boundaries,,Documentation/Architecture/SQL_Server_2025_Readable_Secondary_Statistics.md
FRAMEWORK-USAGE-001,IMPLEMENTED_ACTIONS_GATE,Canonical object and result-set inventories @Hilfe weighted Query Store aggregation CONSOLE RAW TABLE NONE JSON source status warnings lock-timeout restoration and three-version runtime contract,,Documentation/Analysis_Guides/Procedures/USP_FrameworkUsageFromQueryStore.md
RUNTIME-001,IMPLEMENTED_EXTERNAL_EVIDENCE_PENDING,Portable read-only External Runtime and SQL CLR Current-State modules,Platform matrix with activated runtime features and controlled synthetic SAFE assembly evidence,Documentation/Architecture/External_Runtime_CLR_Analysis_Plan.md
SC-023,IMPLEMENTED_ACTIONS_GATE,Restart-safe performance-counter snapshot baseline slice with installer retention budget and three-version runtime gate,,Documentation/Architecture/Snapshot_Baseline_Package_Contract.md
SC-023-EXPANSION,OPTIONAL_FUTURE,,Additional collectors rollups and optional scheduler or export packages,Documentation/Architecture/Snapshot_Baseline_Package_Contract.md
SQL25-005,IMPLEMENTED_ACTIONS_GATE,Capability-adaptive Query Store replica catalog runtime wait and plan-forcing evidence with explicit role mapping missing-metadata partial version and false-positive boundaries,,Documentation/Analysis_Guides/Procedures/USP_QueryStoreReplicaAnalysis.md
OPS-005,PARTIAL_PRODUCT_FUNCTION,TestLab adapter passes synthetic default double-opt-in timeout and denied-permission contracts on native 2019 2022 and 2025; controlled MSOLEDBSQL connection success passes between fresh SQL2025 Docker containers with scope-bound cleanup,Provider variance remains; native older-engine connection success has no evidence,AI_Metadata/Internal_Documentation/Quality/OPS005_Linked_Server_TestLab_Runtime_Evidence_2026-09-19.md
OPS-006,PARTIAL_PRODUCT_FUNCTION,Portable uncontained missing restricted and controlled persisted-SKU-feature paths plus controlled persisted-SKU-feature evidence on native 2019 2022 and 2025 Linux pass without DDL recommendations,Truly unsupported-source evidence,AI_Metadata/Internal_Documentation/Quality/OPS006_Persisted_Sku_Feature_Runtime_Evidence_2026-09-19.md
OPS-007,PARTIAL_PRODUCT_FUNCTION,Default exact-session active controlled-dormant invalid-selection row-bound resource-positive owned second-session and explicit denied paths pass without altering cursor state,Foreign high-cost cursor evidence,AI_Metadata/Internal_Documentation/Quality/OPS007_Dormant_Cursor_Runtime_Evidence_2026-09-19.md
OPS-008,PARTIAL_PRODUCT_FUNCTION,Source size bounded and restricted paths pass the native 2019 2022 2025 matrix; Mail view recognition five empty sources controlled backup and restore counts and windows plus file growth pass on native SQL2025,Controlled nonempty agent mail and maintenance histories plus missing optional-source evidence; source-rename experiment rejected with 15001,AI_Metadata/Internal_Documentation/Quality/Maturity_Closeout_Runtime_Evidence_2026-08-29.md
OPS-009,PARTIAL_PRODUCT_FUNCTION,Three-system-database synthetic inventory exact row-bound explicit-empty restricted and selective master-only metadata profiles pass on native 2025 with ownership-bound cleanup,Native 2022 release evidence,AI_Metadata/Internal_Documentation/Quality/OPS009_Empty_Inventory_Runtime_Evidence_2026-09-19.md
COLL-001,PARTIAL_PRODUCT_FUNCTION,Framework-wide boundary inventory explicit OPS CurrentOverview QueryStoreHints IndexOperationalStats and Partitions plus ObjectIndex worktable export and dynamic control JOIN CASE boundary hardening plus PerformanceCounters worktable DMV JOIN and snapshot sampling export hardening plus BufferPool memory export and optional distribution hardening plus InternalContention worktable and cumulative sampled latch export hardening plus ServerSecurityConfiguration worktable and native configuration export hardening plus ServerHealth orchestrator module status and selected child JSON hardening plus WorkerPressure worktable export and uniform request limit hardening plus AuditConfiguration worktable export and uniform output filter limit hardening plus DatabaseIntegrity worktable export uniform integrity limits and optional page metadata hardening plus DatabaseCapacity worktable export native file metadata and uniform problem filter limit hardening plus CriticalEngineEvents worktable export native XE event limit and XML opt-in hardening plus DiagnosticFindings worktable export parent mapping and uniform severity filter limit with preserved counters hardening plus DatabaseConfiguration worktable export native options scoped configurations profile mapping complete dynamic catalog batch and uniform settings drift limit hardening plus ErrorLog worktable export native Unicode log parity uniform detail limit and partial source limit hardening plus BackupChain worktable export native full differential metadata positive checksum counter and uniform summary backup limit hardening plus AgentStatus and Infrastructure module status worktable export native job inventory child selection and JSON contracts hardening plus ResourceGovernor five exports native configuration pool group inventory and no-limit TempDB governance contracts hardening plus BackupRecovery worktable export native full differential copy-only metadata and uniform freshness limits hardening plus DataCapture worktable export native CT metadata parameterized CDC batch and uniform database limits with preserved selection warnings hardening plus AgentMonitoring worktable export native job alert-coverage and service metadata uniform findings limits and optional job mail paths hardening plus XETargetRuntime worktable export native own ringbuffer metadata counter intervals TABLE JSON parity optional payload truncation and gate paths hardening plus XEReader worktable export native own ringbuffer and event-file core parity time filters limits XML contracts and gate paths hardening plus XESessions worktable export native own running stopped configuration and detail inventories dynamic memory JOIN TABLE JSON parity and runtime opt-out paths hardening plus SnapshotBaseline transient counter worktable three TABLE exports native persisted row JSON parity case-distinct Unicode metric scope payload persistence and retention budget contracts hardening plus ServerFeatureCapabilities thirty-two collated local text columns seven TABLE text columns eight-field JSON parity native capability identities and database scope uniform capability limits and preserved selection warnings on SQL Server 2025 compatibility levels 150 160 170 hardening plus ServerVersionInformation eighty-three collated local text columns seven TABLE exports sixty-four text columns complete JSON representation parity native instance feature and own database metadata requested-order database limits and preserved warnings on SQL Server 2025 compatibility levels 150 160 170 hardening plus SpecialFeatureInventory twenty-one collated local source text columns nine TABLE text columns complete ten-field JSON representation parity shared detected-feature filter and output limit preserved complete inventory counters Unicode case-distinct database scope and synthetic XML spatial alias-type catalogue markers on SQL Server 2025 compatibility levels 150 160 170 hardening plus native 2019 2022 and 2025 Linux mixed target-database runtime and TABLE-output contracts central dynamic-parameter JSON-materialization and Unicode accent and supplementary-character enforcement and case-sensitive filter evidence plus InMemoryOltpAnalysis seventy-one collated local text columns eleven TABLE text columns fourteen-field JSON parity native own XTP table hash identities uniform findings filter limit preserved complete counters and missing-selection status on SQL Server 2025 compatibility levels 150 160 170 hardening plus TemporalAnalysis seventy-one collated local text columns twelve TABLE text columns fifteen-field JSON parity native own Temporal pair period retention and leading-index metadata four distinct source codes independent finding identities uniform findings filter limit preserved complete counters and missing-selection status on SQL Server 2025 compatibility levels 150 160 170 hardening plus ServiceBrokerAnalysis sixty-four collated local text columns ten TABLE text columns thirteen-field JSON parity native own empty queue switches and service metadata seven distinct source codes independent finding identities uniform findings filter limit preserved complete counters and missing-selection status on SQL Server 2025 explicit framework and source compatibility levels 150 160 170 hardening plus FullTextAnalysis eighty-one collated local text columns ten TABLE text columns shared thirteen-field findings export native own empty catalog scope eight distinct source statuses accepted NULL zero positive limits rejected invalid parameters and preserved selection warnings on SQL Server 2025 explicit framework and source compatibility levels 150 160 170 hardening plus DataCaptureDeepAnalysis seventy-seven collated local text columns ten TABLE text columns thirteen-field TABLE JSON parity native own empty CT table identities versions and tracked-column flags eleven independent source statuses controlled future-client WARN and cleanup INFO findings eighteen TABLE JSON cases positive case-sensitive Unicode filters NULL zero and positive limits preserved complete counters selection warnings and invalid multi-database consumer status on SQL Server 2025 explicit framework and both source compatibility levels 150 160 170 hardening plus EncryptionAnalysis thirty-three collated local text columns eleven TABLE text columns shared twenty-six-field export native own unencrypted database identities and absent DEK full-backup AE and Ledger scope twenty-two TABLE JSON cases controlled missing-backup MEDIUM indicators positive Unicode case selection NULL zero positive limits safe rejected negative limits and preserved selection warnings with independent successful sources on SQL Server 2025 explicit framework and all three source compatibility levels 150 160 170 hardening plus MaintenanceOperations fifty-seven explicitly collated local text columns four shared fifteen nineteen nine and seven-field exports fifteen-field empty Resumable TABLE schema with eight text collations and four independently expected source codes including jobs NOT_REQUESTED; Common161 passes twenty-four TABLE JSON cases on mixed SQL Server 2025 with separately verified framework and all three source compatibility levels 170; own Unicode databases without user data include one ADR OFF and two ADR ON; native PVS comparison verifies eight fields exactly and the size numerically within independently measured before-after bounds; threshold zero produces controlled MEDIUM findings with NULL zero positive limits Unicode case selection preserved selection partiality and full-scope status before output limits hardening plus AvailabilityDeepAnalysis forty-six explicitly collated local text columns shared eleven-field replicas export with ten text collations; Common162 passes ten TABLE JSON cases four RAW CONSOLE status calls and two additional JSON consumer cases on mixed SQL Server 2025 with native disabled HADR and framework compatibility level 170 without source database fixtures; independent empty TABLE schema eight top-level JSON keys eight metadata properties and seven empty arrays are verified; NULL zero and positive limits are accepted in empty scopes and invalid limit queue lag and output parameters safely retain consumer status; Integration176 contains one actual AG-NONE call and three synthetic interpretation function cases hardening plus ExternalRuntimeAnalysis ninety-six explicitly collated local text columns shared thirteen-field findings export with ten text collations and preserved FindingOrdinal; Common163 passes twenty-two TABLE JSON cases and four RAW CONSOLE status and accompanying JSON-count calls on mixed SQL Server 2025 with separately verified framework and both case-distinct Unicode CI_AS source compatibility levels 150 160 170; existing native R and Python standard registrations with scripts disabled provide registration WARN and startability INFO findings without new registration or external execution; full TABLE JSON parity retains NULL-property omission; positive problem filters and NULL zero positive limits safe negative rejection exact case selection retained missing-selection partiality and complete database counters pass; six global source codes and two catalog source codes per database are independently compared with native configuration services catalog identities pool configuration and counter identities types and source counts; Integration198 passes at the same framework levels for existing External Runtime and CLR read-only JSON TABLE routing capability and lock-timeout contracts hardening plus ClrAnalysis one hundred six explicitly collated local text columns and a shared nonidentity thirteen-field findings export with ten text collations and preserved original ordinals; Common164 passes twenty-four TABLE JSON cases and four RAW CONSOLE status and accompanying empty findings-count calls on mixed SQL Server 2025 with separately confirmed framework and both case-distinct Unicode CI_AS source compatibility levels 150 160 170; independent empty findings schema and parity NULL zero positive-limit and exact LIKE assembly-filter acceptance safe invalid parameters exact database case selection and late retained selection partiality pass without assembly registration CLR execution or configuration and Trust changes; native configuration and state version properties memory-clerk identities and counts and counter identities types counts and independently expected Sample-0 interpretation are checked against eight global source codes and three catalog source codes per selected database or one with module mapping disabled; Integration198 passes at the same framework levels for existing read-only JSON TABLE routing capability and lock-timeout contracts hardening plus PlanCacheAnalysis QueryStoreAnalysis and ExtendedEventsAnalysis each have six explicitly collated local text columns and an early shared five-field moduleStatus export with three text collations; native mixed SQL Server 2025 framework compatibility level 170 repairs the existing CONSOLE missing-source error while the original TABLE text collations were already correct; Common165 passes twenty-four TABLE and JSON contract cases twelve positive SQL-captured CONSOLE cases nine empty SQL-captured CONSOLE cases and three direct CONSOLE calls; independent SqlClient capture passes all fifteen positive six-field and nine empty three-field CONSOLE cases with native field names types text sizes original ordinals module names invocation status and error values; Plan Cache modules JSON parity and unchanged Query Store and XE child objects metadata and warnings are verified; moduleStatus remains complete and unlimited independently of NULL zero and positive child limits; three RAW invalid-scope calls and twelve TABLE-mapping preflight rejections pass; five existing empty three-field RequestedName warning probes remain visible in the three direct child paths hardening; FrameworkUsageFromQueryStore now has fifteen additionally explicit local text collations and fourteen explicitly collated text fields across four unchanged TABLE schemas totaling thirty-nine fields; valid TABLE mappings are prepared before semantic parameter validation so invalid parameters project full schemas and INVALID_PARAMETER status. Common166 passes nineteen TABLE cases and three consumer cases with full TABLE JSON OUTPUT parity including thirteen metadata properties and NULL values plus four mapping preflight rejections on mixed SQL Server 2025 at framework compatibility levels 150 160 170. Eight conditional native oracle cases pass against two own case-distinct Unicode monitor probes in READ_ONLY Query Store with independent eleven-field weighted runtime aggregation minimum filters NULL zero positive limits and the preserved plus-one HasMoreRows sentinel. Three positive twelve-field and three empty three-field SQL CONSOLE captures pass; positive rows are compared as unordered sets. The existing Test120 probe preexistence guard rejects with 51000 while preserving the foreign probe object identity and body. Canonical source installation and smoke pass; QueryStore120 Integration189 Integration196 Integration198 and Common124 impact tests pass at framework compatibility levels 150 160 170 after own fixture cleanup and restoration of Query Store READ_WRITE AUTO; evidence COLLB006; AgentJobs adds eleven explicit local Jobs and Steps text collations while preserving the seventeen-field jobs TABLE schema and six export text fields. Valid exact-list names are narrowly deduplicated under framework collation with MIN ItemOrdinal; case-distinct names remain separate and invalid list elements retain INVALID_PARAMETER. Common167 passes eleven core TABLE JSON cases two consumers six preflight rejections thirteen conditional full native seventeen-field Jobs and ten-field Steps comparisons and three positive eighteen-field plus three empty three-field SQL CONSOLE captures on mixed SQL Server 2025 with separately confirmed framework and msdb compatibility level 170. Two own case-distinct Unicode jobs with steps category and an enabled future schedule supply independent definition metadata without job execution activity history or jobserver rows. NULL zero positive limits exact case LIKE duplicate and differently quoted duplicate lists and problem scope pass against the positive fixture; invalid lists including a duplicate plus an invalid element are checked separately in general empty scopes; the disabled job retains native StepCount while its problem-filtered Steps array is empty without history outcomes. An independent SqlClient passes ten direct RAW calls with all three six seventeen and ten-field native schemas and full JSON row parity; eight calls have nonempty Jobs seven have nonempty Steps and two are empty. Canonical installation and smoke pass; Infrastructure110 Integration189 Integration196 Integration198 and Common124 impact tests pass at framework compatibility level 170 after own fixture cleanup; Infrastructure110 checks help and signatures without additional positive AgentJobs evidence; evidence COLLB006,Remaining per-file hardening and consumer-specific collation fixtures plus positive FullText nonempty findings filter limit and gated source runtime evidence plus CT retention-loss positive CDC replication and additional permission evidence; RAW CONSOLE row parity remains beyond status and JSON-count checks; positive Encryption TDE certificate encrypted-backup AE Ledger and restore runtime evidence remains open; positive Maintenance Resumable TABLE filter-limit effects requests jobs and high-load evidence remain unverified; this Maintenance slice has no new native older-engine or compatibility-level 150 160 evidence; positive AvailabilityDeep AG replica limit queue cluster seeding page-repair network and denied evidence remains unverified; this AvailabilityDeep slice has no native older-engine or compatibility-level 150 160 evidence; positive ExternalRuntime activated-feature launchability library request sampling and additional permission or optional-path evidence remains open; RAW CONSOLE rows are not separately captured; variable cumulative values are not claimed as atomic native point parity; no new native older-engine evidence; positive CLR assembly and nonempty findings filter-limit evidence execution Trust sampling and additional permission paths remain open; RAW CONSOLE rows are not separately captured; variable memory and counter values are not claimed as atomic native point parity; this CLR slice provides no new native older-engine evidence; RUNTIME-001 remains IMPLEMENTED_EXTERNAL_EVIDENCE_PENDING; positive RAW module-row parity Plan XML events ERROR_HANDLED and permission paths remain unproven for this orchestrator slice; this slice provides no new compatibility-level 150 160 or native older-engine evidence; Positive RAW row parity DENIED_PERMISSION and ERROR_HANDLED paths and new native older-engine evidence remain unproven for this Framework Usage slice; full static gates are not claimed by this focused evidence; Running jobs positive history outcomes and messages regex permission paths native older engines and compatibility levels 150 160 remain unproven for this AgentJobs slice; full static gates are not claimed by this focused evidence,AI_Metadata/Internal_Documentation/Quality/COLLB006_Mixed_Runtime_Evidence_2026-09-19.md
SSIS-001,RESEARCHED_NOT_IMPLEMENTED,Phase 0 public resultset schema status packaging privacy source projection expression component and adapter contracts completed,Phase 1 parser followed by rule engine runtime analyzers packaging documentation and Windows or Linux platform evidence,Documentation/Architecture/SSIS_001_Phase0_Public_Contract.md
LAB-001,PARTIAL_PRODUCT_FUNCTION,Historical Analyze-side Lab contracts and synthetic scenario knowledge remain as migration input while general provisioning and lifecycle responsibility moved to gecompat/SQL_Server_Lab,No new general provider or lifecycle implementation in this repository; Analyze example integration is tracked separately as ANALYZE-LAB-001,Documentation/Architecture/SQL_Server_Lab_Example_Integration_Plan.md
ANALYZE-LAB-001,IMPLEMENTED_ACTIONS_GATE,Seven-example catalog schema Interactive and Verify runner scoped cleanup existing BLOCKING-001 matrix SQL Server 2025 Docker gates for six additional examples plus the EXECUTION-PLAN-001 Project Adapter quick slice on Docker and Podman,None in the defined seven-example and Project Adapter vertical-slice scope; further provider or native-version runs remain impact-based evidence,Documentation/Architecture/SQL_Server_Lab_Example_Integration_Plan.md
SC-024,DESIGN_READY_EXTERNAL_COMPONENT_REQUIRED,Repository interface and isolation boundary documented,External fleet component transport tenant isolation retention deletion and operational evidence,AI_Metadata/Internal_Documentation/Research/Special_Case_Gap_Analysis.md
SC-025,RUNBOOK_READY_EXTERNAL_EXECUTION_REQUIRED,Synthetic restore and host evidence runbook documented,Authorized isolated restore CHECKDB host storage and network execution evidence,AI_Metadata/Internal_Documentation/Research/Special_Case_Gap_Analysis.md
WI-0002,RESEARCHED_NOT_IMPLEMENTED,Long-term roadmap records the TempDB ADR and PVS diagnostic question boundaries dependencies and dossier sequence,Source and gap analysis public contract implementation and native 2019 2022 2025 evidence,AI_Metadata/Internal_Documentation/Architecture/Long_Term_Development_Roadmap.md
WI-0003,RESEARCHED_NOT_IMPLEMENTED,Long-term roadmap records backup compression algorithm and ZSTD evidence boundaries dependencies and dossier sequence,Source and gap analysis public contract implementation and native 2019 2022 2025 evidence,AI_Metadata/Internal_Documentation/Architecture/Long_Term_Development_Roadmap.md
WI-0004,RESEARCHED_NOT_IMPLEMENTED,Long-term roadmap records ordered columnstore diagnostic boundaries dependencies and dossier sequence,Source and gap analysis public contract implementation bounded deep path and native 2019 2022 2025 evidence,AI_Metadata/Internal_Documentation/Architecture/Long_Term_Development_Roadmap.md
WI-0005,RESEARCHED_NOT_IMPLEMENTED,Long-term roadmap records time-bound Extended Events diagnostic boundaries dependencies and dossier sequence,Source and gap analysis public contract implementation and native 2019 2022 2025 evidence,AI_Metadata/Internal_Documentation/Architecture/Long_Term_Development_Roadmap.md
WI-0006,RESEARCHED_NOT_IMPLEMENTED,Long-term roadmap records optimized sp_executesql and compile-context boundaries dependencies and dossier sequence,Source adequacy analysis public contract implementation and bounded native evidence,AI_Metadata/Internal_Documentation/Architecture/Long_Term_Development_Roadmap.md
WI-0007,RESEARCHED_NOT_IMPLEMENTED,Long-term roadmap records aggregate External Model inventory boundaries dependencies and dossier sequence,Source and gap analysis inventory contract implementation and native fallback or positive evidence,AI_Metadata/Internal_Documentation/Architecture/Long_Term_Development_Roadmap.md
WI-0008,IMPLEMENTED_ACTIONS_GATE,Read-only Audit configuration procedure installer inventories public resultset contract and documentation are present; audit payloads paths and mutations are excluded; controlled absent-audit denied-metadata disabled-audit and active-runtime contracts pass,,AI_Metadata/Internal_Documentation/Quality/WI0008_Absent_Audit_Runtime_Evidence_2026-09-19.md
WI-0009,RESEARCHED_NOT_IMPLEMENTED,Long-term roadmap records External Data analysis boundaries dependencies and dossier sequence,Source privacy and gap analysis public contract implementation and local catalog evidence,AI_Metadata/Internal_Documentation/Architecture/Long_Term_Development_Roadmap.md
WI-0010,RESEARCHED_NOT_IMPLEMENTED,Source-backed 106-area coverage landscape classifies implemented partial planned external and excluded SQL Server diagnostic areas,Prioritize individual candidates and allocate separate registered dossiers before public implementation,AI_Metadata/Internal_Documentation/Research/SQL_Server_Diagnostic_Coverage_Landscape.md
